probe_id,gene,importance
202988_s_at,RGS1,0.5459985212171379
205478_at,PPP1R1A,0.4714723479252539
216834_at,RGS1,0.37904566655936434
201465_s_at,JUN,0.33339323030537826
37892_at,COL11A1,0.32177923577866313
205382_s_at,CFD,0.31405811286969243
209686_at,S100B,0.29951949781215714
219433_at,BCOR,0.2932759866871284
214456_x_at,SAA1 /// SAA2,0.2727808998357379
219140_s_at,RBP4,0.2535414066030181
